Whats the vibe?,Activity
Chill day,Decadent
Im tryna eat!,Summerhouse
Im tryna eat!,Terrain Cafe
Im tryna eat!,Julii
Im tryna eat!,sweetgreen
Chill day,gong cha
Im tryna eat!,bondhosue
Im tryna eat!,For Five
Im tryna eat!,Cafe Riggs
Im tryna eat!,Pizza 786
Im tryna eat!,panera bread
Im tryna eat!,jalapenos
Im tryna eat!,sushi tendou
Im tryna eat!,homemade food
Im tryna eat!,The Baglery
lets be responsible,running errands
chill day,At-Home day
lets be responsible,Mosque date
lets be responsible,library study date
Indoor fun,museum
Indoor fun,aquarium
Lets move!,hiking trail/park
Lets move!,amusement parks
Lets move!,courts/ sport parks